{
  "BiomedBERT-Sentence-Filter+Joint-Extractor": {
    "participants": {
      "precision": 0.6892088423502036,
      "recall": 0.8235403775979692,
      "f1": 0.7181230927304227,
      "false_positives": 614,
      "false_negatives": 448,
      "prediction_volume": 798,
      "gold_volume": 632,
      "std_f1": 0.24710157355239995,
      "n_docs": 191
    },
    "interventions": {
      "precision": 0.6324035040003627,
      "recall": 0.41514091777779993,
      "f1": 0.47599921803576195,
      "false_positives": 854,
      "false_negatives": 1548,
      "prediction_volume": 1030,
      "gold_volume": 1724,
      "std_f1": 0.22988943186905875,
      "n_docs": 191
    },
    "outcomes": {
      "precision": 0.7316523499769574,
      "recall": 0.4240251294865767,
      "f1": 0.5050145886574742,
      "false_positives": 774,
      "false_negatives": 1608,
      "prediction_volume": 959,
      "gold_volume": 1793,
      "std_f1": 0.2255376797322129,
      "n_docs": 191
    },
    "_GLOBAL": {
      "micro_precision": 0.6595517609391676,
      "micro_recall": 0.43076208178438663,
      "micro_f1": 0.5211524947294448,
      "total_tp": 1854,
      "total_fp": 957,
      "total_fn": 2450
    },
    "_CONSISTENCY": {
      "mean_f1": 0.5663789664745529,
      "std_f1_per_doc": 0.15343378347163128
    }
  }
}